-- =====================================================
-- E-commerce Sales Performance & Customer Segmentation
-- Sample Data Insertion
-- =====================================================

USE ecommerce_analytics;

-- =====================================================
-- Insert Customers
-- =====================================================
INSERT INTO customers (first_name, last_name, email, phone, registration_date, city, state, country, customer_segment) VALUES
('John', 'Smith', 'john.smith@email.com', '555-0101', '2022-01-15', 'New York', 'NY', 'USA', 'Premium'),
('Sarah', 'Johnson', 'sarah.j@email.com', '555-0102', '2022-02-20', 'Los Angeles', 'CA', 'USA', 'Standard'),
('Michael', 'Brown', 'm.brown@email.com', '555-0103', '2022-01-10', 'Chicago', 'IL', 'USA', 'Premium'),
('Emily', 'Davis', 'emily.davis@email.com', '555-0104', '2022-03-05', 'Houston', 'TX', 'USA', 'Standard'),
('David', 'Wilson', 'd.wilson@email.com', '555-0105', '2022-02-28', 'Phoenix', 'AZ', 'USA', 'VIP'),
('Jessica', 'Martinez', 'j.martinez@email.com', '555-0106', '2022-04-12', 'Philadelphia', 'PA', 'USA', 'Standard'),
('James', 'Anderson', 'j.anderson@email.com', '555-0107', '2022-01-25', 'San Antonio', 'TX', 'USA', 'Premium'),
('Amanda', 'Taylor', 'a.taylor@email.com', '555-0108', '2022-05-18', 'San Diego', 'CA', 'USA', 'Standard'),
('Robert', 'Thomas', 'r.thomas@email.com', '555-0109', '2022-03-22', 'Dallas', 'TX', 'USA', 'VIP'),
('Lisa', 'Jackson', 'l.jackson@email.com', '555-0110', '2022-02-14', 'San Jose', 'CA', 'USA', 'Premium'),
('William', 'White', 'w.white@email.com', '555-0111', '2022-06-01', 'Austin', 'TX', 'USA', 'Standard'),
('Jennifer', 'Harris', 'j.harris@email.com', '555-0112', '2022-04-30', 'Jacksonville', 'FL', 'USA', 'Standard'),
('Christopher', 'Martin', 'c.martin@email.com', '555-0113', '2022-05-10', 'Fort Worth', 'TX', 'USA', 'Premium'),
('Michelle', 'Thompson', 'm.thompson@email.com', '555-0114', '2022-07-15', 'Columbus', 'OH', 'USA', 'Standard'),
('Daniel', 'Garcia', 'd.garcia@email.com', '555-0115', '2022-06-20', 'Charlotte', 'NC', 'USA', 'VIP'),
('Ashley', 'Martinez', 'ashley.m@email.com', '555-0116', '2022-08-05', 'San Francisco', 'CA', 'USA', 'Premium'),
('Matthew', 'Robinson', 'm.robinson@email.com', '555-0117', '2022-07-22', 'Indianapolis', 'IN', 'USA', 'Standard'),
('Nicole', 'Clark', 'n.clark@email.com', '555-0118', '2022-09-10', 'Seattle', 'WA', 'USA', 'Standard'),
('Andrew', 'Rodriguez', 'a.rodriguez@email.com', '555-0119', '2022-08-18', 'Denver', 'CO', 'USA', 'Premium'),
('Stephanie', 'Lewis', 's.lewis@email.com', '555-0120', '2022-10-01', 'Washington', 'DC', 'USA', 'VIP');

-- =====================================================
-- Insert Products
-- =====================================================
INSERT INTO products (product_name, category, subcategory, price, cost, brand, stock_quantity, created_date) VALUES
('Wireless Bluetooth Headphones', 'Electronics', 'Audio', 79.99, 35.00, 'TechSound', 150, '2021-12-01'),
('Smart Watch Pro', 'Electronics', 'Wearables', 249.99, 120.00, 'TechTime', 80, '2021-11-15'),
('Laptop Stand Adjustable', 'Electronics', 'Accessories', 49.99, 18.00, 'ErgoTech', 200, '2022-01-10'),
('USB-C Charging Cable', 'Electronics', 'Accessories', 19.99, 5.00, 'PowerLink', 500, '2021-10-20'),
('Wireless Mouse', 'Electronics', 'Accessories', 29.99, 10.00, 'ClickTech', 300, '2021-09-05'),
('Cotton T-Shirt', 'Clothing', 'Casual', 24.99, 8.00, 'StyleCo', 400, '2022-02-01'),
('Denim Jeans', 'Clothing', 'Casual', 59.99, 25.00, 'StyleCo', 250, '2022-01-15'),
('Running Shoes', 'Clothing', 'Athletic', 89.99, 40.00, 'SportMax', 180, '2022-03-01'),
('Winter Jacket', 'Clothing', 'Outerwear', 129.99, 55.00, 'WarmWear', 120, '2021-11-01'),
('Baseball Cap', 'Clothing', 'Accessories', 19.99, 6.00, 'StyleCo', 350, '2022-04-10'),
('Coffee Maker', 'Home & Kitchen', 'Appliances', 89.99, 35.00, 'HomeBrew', 100, '2022-01-20'),
('Stainless Steel Water Bottle', 'Home & Kitchen', 'Drinkware', 24.99, 9.00, 'HydratePro', 450, '2022-02-15'),
('Desk Lamp LED', 'Home & Kitchen', 'Lighting', 39.99, 15.00, 'BrightHome', 200, '2022-03-10'),
('Yoga Mat', 'Sports & Outdoors', 'Fitness', 34.99, 12.00, 'FitLife', 280, '2022-04-01'),
('Dumbbell Set 20lbs', 'Sports & Outdoors', 'Fitness', 79.99, 30.00, 'FitLife', 90, '2022-05-15'),
('Backpack Travel', 'Sports & Outdoors', 'Travel', 69.99, 28.00, 'TravelPro', 150, '2022-06-01'),
('Sunglasses Classic', 'Accessories', 'Eyewear', 49.99, 18.00, 'SunShade', 220, '2022-05-20'),
('Leather Wallet', 'Accessories', 'Personal', 39.99, 15.00, 'LeatherCraft', 180, '2022-07-01'),
('Phone Case Protective', 'Electronics', 'Accessories', 24.99, 8.00, 'ProtectTech', 600, '2022-08-10'),
('Tablet Stand', 'Electronics', 'Accessories', 34.99, 12.00, 'ErgoTech', 170, '2022-09-01');

-- =====================================================
-- Insert Orders (2022-2023 data)
-- =====================================================
INSERT INTO orders (customer_id, order_date, order_status, shipping_city, shipping_state, shipping_country, total_amount, shipping_cost, discount_amount) VALUES
(1, '2022-02-10', 'Completed', 'New York', 'NY', 'USA', 79.99, 5.99, 0.00),
(1, '2022-04-15', 'Completed', 'New York', 'NY', 'USA', 129.98, 7.99, 10.00),
(1, '2022-07-20', 'Completed', 'New York', 'NY', 'USA', 249.99, 0.00, 25.00),
(2, '2022-03-12', 'Completed', 'Los Angeles', 'CA', 'USA', 24.99, 4.99, 0.00),
(2, '2022-05-18', 'Completed', 'Los Angeles', 'CA', 'USA', 84.98, 5.99, 5.00),
(2, '2022-08-25', 'Completed', 'Los Angeles', 'CA', 'USA', 49.99, 0.00, 0.00),
(3, '2022-02-05', 'Completed', 'Chicago', 'IL', 'USA', 159.98, 6.99, 0.00),
(3, '2022-05-22', 'Completed', 'Chicago', 'IL', 'USA', 89.99, 5.99, 0.00),
(3, '2022-09-10', 'Completed', 'Chicago', 'IL', 'USA', 199.97, 0.00, 20.00),
(4, '2022-04-08', 'Completed', 'Houston', 'TX', 'USA', 59.99, 5.99, 0.00),
(4, '2022-06-15', 'Completed', 'Houston', 'TX', 'USA', 24.99, 4.99, 0.00),
(5, '2022-03-20', 'Completed', 'Phoenix', 'AZ', 'USA', 349.97, 0.00, 35.00),
(5, '2022-06-28', 'Completed', 'Phoenix', 'AZ', 'USA', 129.99, 0.00, 15.00),
(5, '2022-10-05', 'Completed', 'Phoenix', 'AZ', 'USA', 89.99, 0.00, 10.00),
(6, '2022-05-05', 'Completed', 'Philadelphia', 'PA', 'USA', 19.99, 4.99, 0.00),
(6, '2022-07-12', 'Completed', 'Philadelphia', 'PA', 'USA', 44.98, 5.99, 0.00),
(7, '2022-02-18', 'Completed', 'San Antonio', 'TX', 'USA', 99.98, 6.99, 0.00),
(7, '2022-05-30', 'Completed', 'San Antonio', 'TX', 'USA', 249.99, 0.00, 25.00),
(7, '2022-09-18', 'Completed', 'San Antonio', 'TX', 'USA', 79.99, 0.00, 8.00),
(8, '2022-06-10', 'Completed', 'San Diego', 'CA', 'USA', 34.99, 4.99, 0.00),
(8, '2022-08-20', 'Completed', 'San Diego', 'CA', 'USA', 24.99, 4.99, 0.00),
(9, '2022-04-25', 'Completed', 'Dallas', 'TX', 'USA', 499.96, 0.00, 50.00),
(9, '2022-07-15', 'Completed', 'Dallas', 'TX', 'USA', 159.98, 0.00, 16.00),
(9, '2022-11-01', 'Completed', 'Dallas', 'TX', 'USA', 89.99, 0.00, 9.00),
(10, '2022-03-15', 'Completed', 'San Jose', 'CA', 'USA', 79.99, 5.99, 0.00),
(10, '2022-06-22', 'Completed', 'San Jose', 'CA', 'USA', 129.98, 7.99, 13.00),
(10, '2022-10-12', 'Completed', 'San Jose', 'CA', 'USA', 49.99, 0.00, 5.00),
(11, '2022-07-05', 'Completed', 'Austin', 'TX', 'USA', 24.99, 4.99, 0.00),
(11, '2022-09-25', 'Completed', 'Austin', 'TX', 'USA', 19.99, 4.99, 0.00),
(12, '2022-05-15', 'Completed', 'Jacksonville', 'FL', 'USA', 59.99, 5.99, 0.00),
(12, '2022-08-10', 'Completed', 'Jacksonville', 'FL', 'USA', 34.99, 4.99, 0.00),
(13, '2022-06-05', 'Completed', 'Fort Worth', 'TX', 'USA', 199.97, 6.99, 20.00),
(13, '2022-09-15', 'Completed', 'Fort Worth', 'TX', 'USA', 79.99, 0.00, 8.00),
(14, '2022-08-01', 'Completed', 'Columbus', 'OH', 'USA', 24.99, 4.99, 0.00),
(14, '2022-10-20', 'Completed', 'Columbus', 'OH', 'USA', 19.99, 4.99, 0.00),
(15, '2022-07-10', 'Completed', 'Charlotte', 'NC', 'USA', 299.96, 0.00, 30.00),
(15, '2022-10-05', 'Completed', 'Charlotte', 'NC', 'USA', 129.99, 0.00, 13.00),
(16, '2022-09-01', 'Completed', 'San Francisco', 'CA', 'USA', 179.97, 7.99, 18.00),
(16, '2022-11-10', 'Completed', 'San Francisco', 'CA', 'USA', 49.99, 0.00, 5.00),
(17, '2022-08-15', 'Completed', 'Indianapolis', 'IN', 'USA', 29.99, 4.99, 0.00),
(17, '2022-11-05', 'Completed', 'Indianapolis', 'IN', 'USA', 24.99, 4.99, 0.00),
(18, '2022-10-01', 'Completed', 'Seattle', 'WA', 'USA', 34.99, 4.99, 0.00),
(18, '2022-12-15', 'Completed', 'Seattle', 'WA', 'USA', 79.99, 5.99, 0.00),
(19, '2022-09-20', 'Completed', 'Denver', 'CO', 'USA', 159.98, 6.99, 16.00),
(19, '2022-12-01', 'Completed', 'Denver', 'CO', 'USA', 89.99, 0.00, 9.00),
(20, '2022-11-01', 'Completed', 'Washington', 'DC', 'USA', 199.97, 0.00, 20.00),
(20, '2023-01-15', 'Completed', 'Washington', 'DC', 'USA', 129.99, 0.00, 13.00),
(1, '2022-11-10', 'Completed', 'New York', 'NY', 'USA', 99.98, 0.00, 10.00),
(3, '2022-12-20', 'Completed', 'Chicago', 'IL', 'USA', 149.97, 0.00, 15.00),
(5, '2023-01-10', 'Completed', 'Phoenix', 'AZ', 'USA', 179.97, 0.00, 18.00),
(7, '2022-12-05', 'Completed', 'San Antonio', 'TX', 'USA', 49.99, 0.00, 5.00),
(9, '2023-01-20', 'Completed', 'Dallas', 'TX', 'USA', 249.99, 0.00, 25.00),
(10, '2022-12-10', 'Completed', 'San Jose', 'CA', 'USA', 79.99, 0.00, 8.00),
(13, '2022-12-25', 'Completed', 'Fort Worth', 'TX', 'USA', 129.98, 0.00, 13.00),
(15, '2023-01-05', 'Completed', 'Charlotte', 'NC', 'USA', 199.97, 0.00, 20.00),
(16, '2022-12-30', 'Completed', 'San Francisco', 'CA', 'USA', 89.99, 0.00, 9.00),
(19, '2023-01-15', 'Completed', 'Denver', 'CO', 'USA', 119.97, 0.00, 12.00);

-- =====================================================
-- Insert Order Items
-- =====================================================
INSERT INTO order_items (order_id, product_id, quantity, unit_price, discount_percent, line_total) VALUES
(1, 1, 1, 79.99, 0, 79.99),
(2, 9, 1, 129.99, 0, 129.99),
(3, 2, 1, 249.99, 10, 224.99),
(4, 6, 1, 24.99, 0, 24.99),
(5, 8, 1, 89.99, 0, 89.99),
(6, 3, 1, 49.99, 0, 49.99),
(7, 7, 1, 59.99, 0, 59.99),
(7, 6, 4, 24.99, 0, 99.99),
(8, 8, 1, 89.99, 0, 89.99),
(9, 1, 1, 79.99, 0, 79.99),
(9, 3, 2, 49.99, 0, 99.98),
(10, 7, 1, 59.99, 0, 59.99),
(11, 6, 1, 24.99, 0, 24.99),
(12, 2, 1, 249.99, 0, 249.99),
(12, 1, 1, 79.99, 0, 79.99),
(12, 3, 1, 49.99, 0, 49.99),
(13, 9, 1, 129.99, 0, 129.99),
(14, 8, 1, 89.99, 0, 89.99),
(15, 4, 1, 19.99, 0, 19.99),
(16, 5, 1, 29.99, 0, 29.99),
(16, 4, 1, 19.99, 0, 19.99),
(17, 3, 2, 49.99, 0, 99.98),
(18, 2, 1, 249.99, 10, 224.99),
(19, 1, 1, 79.99, 0, 79.99),
(20, 14, 1, 34.99, 0, 34.99),
(21, 6, 1, 24.99, 0, 24.99),
(22, 2, 1, 249.99, 0, 249.99),
(22, 1, 1, 79.99, 0, 79.99),
(22, 3, 2, 49.99, 0, 99.98),
(22, 5, 1, 29.99, 0, 29.99),
(23, 7, 1, 59.99, 0, 59.99),
(23, 6, 4, 24.99, 0, 99.99),
(24, 8, 1, 89.99, 0, 89.99),
(25, 1, 1, 79.99, 0, 79.99),
(25, 3, 1, 49.99, 0, 49.99),
(26, 3, 1, 49.99, 0, 49.99),
(27, 6, 1, 24.99, 0, 24.99),
(28, 7, 1, 59.99, 0, 59.99),
(29, 1, 1, 79.99, 0, 79.99),
(29, 3, 2, 49.99, 0, 99.98),
(30, 1, 1, 79.99, 0, 79.99),
(31, 9, 1, 129.99, 0, 129.99),
(32, 6, 1, 24.99, 0, 24.99),
(33, 2, 1, 249.99, 10, 224.99),
(34, 1, 1, 79.99, 0, 79.99),
(35, 8, 1, 89.99, 0, 89.99),
(36, 1, 1, 79.99, 0, 79.99),
(36, 3, 1, 49.99, 0, 49.99),
(37, 7, 1, 59.99, 0, 59.99),
(38, 14, 1, 34.99, 0, 34.99),
(39, 6, 1, 24.99, 0, 24.99),
(40, 2, 1, 249.99, 0, 249.99),
(40, 1, 1, 79.99, 0, 79.99),
(41, 8, 1, 89.99, 0, 89.99),
(42, 1, 1, 79.99, 0, 79.99),
(42, 3, 2, 49.99, 0, 99.98),
(43, 5, 1, 29.99, 0, 29.99),
(44, 6, 1, 24.99, 0, 24.99),
(45, 14, 1, 34.99, 0, 34.99),
(46, 1, 1, 79.99, 0, 79.99),
(47, 3, 1, 49.99, 0, 49.99),
(47, 5, 1, 29.99, 0, 29.99),
(48, 8, 1, 89.99, 0, 89.99),
(49, 2, 1, 249.99, 10, 224.99),
(50, 1, 1, 79.99, 0, 79.99),
(50, 3, 1, 49.99, 0, 49.99),
(51, 7, 1, 59.99, 0, 59.99),
(51, 6, 3, 24.99, 0, 74.97),
(52, 9, 1, 129.99, 0, 129.99),
(53, 1, 1, 79.99, 0, 79.99),
(53, 3, 2, 49.99, 0, 99.98),
(54, 3, 1, 49.99, 0, 49.99),
(55, 2, 1, 249.99, 10, 224.99),
(56, 1, 1, 79.99, 0, 79.99),
(57, 3, 1, 49.99, 0, 49.99),
(57, 5, 1, 29.99, 0, 29.99),
(58, 8, 1, 89.99, 0, 89.99),
(59, 1, 1, 79.99, 0, 79.99),
(60, 3, 1, 49.99, 0, 49.99),
(60, 5, 1, 29.99, 0, 29.99);

-- =====================================================
-- Insert Payments
-- =====================================================
INSERT INTO payments (order_id, payment_date, payment_method, payment_amount, payment_status) VALUES
(1, '2022-02-10', 'Credit Card', 85.98, 'Completed'),
(2, '2022-04-15', 'Credit Card', 127.98, 'Completed'),
(3, '2022-07-20', 'PayPal', 224.99, 'Completed'),
(4, '2022-03-12', 'Debit Card', 29.98, 'Completed'),
(5, '2022-05-18', 'Credit Card', 85.98, 'Completed'),
(6, '2022-08-25', 'Credit Card', 49.99, 'Completed'),
(7, '2022-02-05', 'Credit Card', 166.97, 'Completed'),
(8, '2022-05-22', 'PayPal', 95.98, 'Completed'),
(9, '2022-09-10', 'Credit Card', 179.97, 'Completed'),
(10, '2022-04-08', 'Debit Card', 65.98, 'Completed'),
(11, '2022-06-15', 'Credit Card', 29.98, 'Completed'),
(12, '2022-03-20', 'Credit Card', 314.97, 'Completed'),
(13, '2022-06-28', 'Credit Card', 129.99, 'Completed'),
(14, '2022-10-05', 'PayPal', 89.99, 'Completed'),
(15, '2022-05-05', 'Debit Card', 24.98, 'Completed'),
(16, '2022-07-12', 'Credit Card', 50.98, 'Completed'),
(17, '2022-02-18', 'Credit Card', 106.97, 'Completed'),
(18, '2022-05-30', 'Credit Card', 224.99, 'Completed'),
(19, '2022-09-18', 'PayPal', 79.99, 'Completed'),
(20, '2022-06-10', 'Debit Card', 39.98, 'Completed'),
(21, '2022-08-20', 'Credit Card', 29.98, 'Completed'),
(22, '2022-04-25', 'Credit Card', 449.96, 'Completed'),
(23, '2022-07-15', 'Credit Card', 143.98, 'Completed'),
(24, '2022-11-01', 'PayPal', 89.99, 'Completed'),
(25, '2022-03-15', 'Credit Card', 85.98, 'Completed'),
(26, '2022-06-22', 'Credit Card', 123.98, 'Completed'),
(27, '2022-10-12', 'Credit Card', 49.99, 'Completed'),
(28, '2022-07-05', 'Debit Card', 29.98, 'Completed'),
(29, '2022-09-25', 'Credit Card', 24.98, 'Completed'),
(30, '2022-05-15', 'Credit Card', 65.98, 'Completed'),
(31, '2022-08-10', 'Debit Card', 39.98, 'Completed'),
(32, '2022-06-05', 'Credit Card', 186.97, 'Completed'),
(33, '2022-09-15', 'PayPal', 79.99, 'Completed'),
(34, '2022-08-01', 'Debit Card', 29.98, 'Completed'),
(35, '2022-10-20', 'Credit Card', 24.98, 'Completed'),
(36, '2022-07-10', 'Credit Card', 269.96, 'Completed'),
(37, '2022-10-05', 'Credit Card', 129.99, 'Completed'),
(38, '2022-09-01', 'Credit Card', 161.97, 'Completed'),
(39, '2022-11-10', 'PayPal', 49.99, 'Completed'),
(40, '2022-08-15', 'Debit Card', 34.98, 'Completed'),
(41, '2022-11-05', 'Credit Card', 29.98, 'Completed'),
(42, '2022-10-01', 'Debit Card', 39.98, 'Completed'),
(43, '2022-12-15', 'Credit Card', 85.98, 'Completed'),
(44, '2022-09-20', 'Credit Card', 146.97, 'Completed'),
(45, '2022-12-01', 'PayPal', 89.99, 'Completed'),
(46, '2022-11-01', 'Credit Card', 179.97, 'Completed'),
(47, '2023-01-15', 'Credit Card', 129.99, 'Completed'),
(48, '2022-11-10', 'Credit Card', 89.98, 'Completed'),
(49, '2022-12-20', 'Credit Card', 134.97, 'Completed'),
(50, '2023-01-10', 'Credit Card', 161.97, 'Completed'),
(51, '2022-12-05', 'PayPal', 49.99, 'Completed'),
(52, '2023-01-20', 'Credit Card', 224.99, 'Completed'),
(53, '2022-12-10', 'Credit Card', 79.99, 'Completed'),
(54, '2022-12-25', 'Credit Card', 116.98, 'Completed'),
(55, '2023-01-05', 'Credit Card', 179.97, 'Completed'),
(56, '2022-12-30', 'PayPal', 89.99, 'Completed'),
(57, '2023-01-15', 'Credit Card', 107.97, 'Completed');



